"p_good_do_T0","p_good_do_T1","ate"
0.58115188879442,0.664355490509444,0.0832036017150246
