{
  "source": "arXiv:2503.16206 App. C.1 (orig. Sanchez-Martin 2022 E.1)",
  "seed": 42,
  "n_obs": 5000,
  "scm": {
    "x1": "0.5 N(-2,1.5) + 0.5 N(1.5,1)",
    "x2": "-x1 + N(0,1)",
    "x3": "x1 + 0.25*x2 + N(0,1)"
  },
  "mc_n": 1000000,
  "obs_mean": {
    "x1": -0.25220161482556325,
    "x2": 0.25263242613792186,
    "x3": -0.18769444232988824
  },
  "obs_std": {
    "x1": 2.0771124865640176,
    "x2": 2.305839192708896,
    "x3": 1.8680753070544815
  },
  "do_x2": {
    "-3.0": {
      "mean_x3_analytic": -1.0,
      "std_x3_analytic": 2.3048861143232218
    },
    "-1.0": {
      "mean_x3_analytic": -0.5,
      "std_x3_analytic": 2.3048861143232218
    },
    "0.0": {
      "mean_x3_analytic": -0.25,
      "std_x3_analytic": 2.3048861143232218
    }
  }
}
