{
  "variant": "nl",
  "seed": 7,
  "n_obs": 1275,
  "n_rct": 500,
  "p_good_do_T0": 0.552976,
  "p_good_do_T1": 0.657352,
  "ate_population": "rct",
  "true_ate": 0.10437600000000002,
  "naive_obs_diff": 0.3031784812835576,
  "mc_n": 500000
}
