size,batch,cpu_ms,cuda_ms,speedup
default,4096,18.586788109193243,37.51150625757873,0.49549564823028175
default,16384,34.521545423194766,37.03046636655927,0.9322471146182969
default,65536,122.08755769145986,39.47839646910627,3.0925156189410883
default,262144,511.068477162293,57.12760585759367,8.946086038267948
scaled,4096,37.24551800017555,74.27800153382123,0.5014340347217936
scaled,16384,81.49887970648706,71.51876846328378,1.139545345335845
scaled,65536,308.2986874040216,40.910117157424494,7.536001087889102
scaled,262144,1980.9395808593504,141.10978027539593,14.038286906784656
