"p_good_do_T0","p_good_do_T1","ate"
0.556103439288759,0.698946054313684,0.142842615024925
